"num_preceding_fortnight","mean_emperical_sample_mean_d.AH","d.AH_pvalue","mean_emperical_sample_mean_d.temp","d.temp_pvalue","ManuscriptTable_Temp","ManuscriptTable_AH"
1,-0.219141049917015,0.236506,0.0587894748391026,0.573599,"0.0588  (0.574)","-0.219  (0.237)"
2,-0.235038593943559,0.168779,0.00980426498416589,0.524594,"0.0098  (0.525)","-0.235  (0.169)"
3,-0.132997077972596,0.258961,0.0758995810732786,0.627857,"0.0759  (0.628)","-0.133  (0.259)"
