"num_preceding_fortnight","mean_emperical_sample_mean_d.AH","d.AH_pvalue","mean_emperical_sample_mean_d.temp","d.temp_pvalue","ManuscriptTable_Temp","ManuscriptTable_AH"
1,-0.113234730938486,0.303909,0.0294391485790192,0.556285,"0.0294  (0.556)","-0.113  (0.304)"
2,-0.088954549686985,0.304443,0.0158073124772478,0.543853,"0.0158  (0.544)","-0.089  (0.304)"
3,-0.0537747960127599,0.355699,-0.0182807047639736,0.471248,"-0.0183  (0.471)","-0.0538  (0.356)"
