"num_preceding_fortnight","mean_emperical_sample_mean_d.AH","d.AH_pvalue","mean_emperical_sample_mean_d.temp","d.temp_pvalue","mean_emperical_sample_mean_d.RH","d.RH_pvalue","mean_emperical_sample_mean_d.rainfall","d.rainfall_pvalue","ManuscriptTable_Temp","ManuscriptTable_AH","ManuscriptTable_RH","ManuscriptTable_Rainfall"
1,-0.113234730938486,0.302976,0.0294391485790192,0.555129,-0.990012023245573,0.234486,-0.208995305129279,0.37081,"0.0294  (0.555)","-0.113  (0.303)","-0.99  (0.234)","-0.209  (0.371)"
2,-0.088954549686985,0.30382,0.0158073124772478,0.542709,-0.734554842481295,0.245366,-0.0392728141019076,0.484382,"0.0158  (0.543)","-0.089  (0.304)","-0.735  (0.245)","-0.0393  (0.484)"
3,-0.0537747960127599,0.354974,-0.0182807047639736,0.471037,-0.389030678727883,0.329402,-0.00647454764248101,0.512813,"-0.0183  (0.471)","-0.0538  (0.355)","-0.389  (0.329)","-0.00647  (0.513)"
