"num_preceding_fortnight","mean_emperical_sample_mean_d.AH","d.AH_pvalue","mean_emperical_sample_mean_d.temp","d.temp_pvalue","mean_emperical_sample_mean_d.RH","d.RH_pvalue","mean_emperical_sample_mean_d.rainfall","d.rainfall_pvalue","ManuscriptTable_Temp","ManuscriptTable_AH","ManuscriptTable_RH","ManuscriptTable_Rainfall"
1,-0.153259850651162,0.246107,-0.0202445160001291,0.483368,-1.11392833345866,0.210463,-0.293517067546074,0.309816,"-0.0202  (0.483)","-0.153  (0.246)","-1.11  (0.21)","-0.294  (0.31)"
2,-0.0414575828616964,0.40238,0.046023970657777,0.599429,-0.597960802829191,0.283545,-0.015334546083188,0.509567,"0.046  (0.599)","-0.0415  (0.402)","-0.598  (0.284)","-0.0153  (0.51)"
3,0.00290403503552798,0.501809,0.0100881373855137,0.534156,-0.17520444426939,0.410976,0.0480593520253542,0.578402,"0.0101  (0.534)","0.0029  (0.502)","-0.175  (0.411)","0.0481  (0.578)"
